               epoch,      train/box_loss,      train/obj_loss,      train/cls_loss,   metrics/precision,      metrics/recall,     metrics/mAP_0.5,metrics/mAP_0.5:0.95,        val/box_loss,        val/obj_loss,        val/cls_loss,               x/lr0,               x/lr1,               x/lr2
                   0,            0.050497,            0.041144,            0.028864,             0.97093,                 0.5,             0.53279,              0.2937,             0.03997,             0.03836,            0.024705,                 0.1,                   0,                   0
                   1,            0.036449,            0.031699,           0.0045905,             0.97053,                 0.5,             0.53393,             0.29438,            0.039782,            0.038486,            0.024922,            0.099067,             6.7e-05,             6.7e-05
                   2,            0.049697,            0.028656,            0.026922,              0.9698,                 0.5,             0.53393,             0.30755,            0.039727,            0.038478,            0.024868,            0.098068,             6.8e-05,             6.8e-05
                   0,            0.050497,            0.041144,            0.028864,             0.97093,                 0.5,             0.53279,              0.2937,             0.03997,             0.03836,            0.024705,                 0.1,                   0,                   0
                   1,            0.036449,            0.031699,           0.0045905,             0.97053,                 0.5,             0.53393,             0.29438,            0.039782,            0.038486,            0.024922,            0.099067,             6.7e-05,             6.7e-05
                   2,            0.049697,            0.028656,            0.026922,              0.9698,                 0.5,             0.53393,             0.30755,            0.039727,            0.038478,            0.024868,            0.098068,             6.8e-05,             6.8e-05
                   0,            0.050497,            0.041144,            0.028864,             0.97093,                 0.5,             0.53279,              0.2937,             0.03997,             0.03836,            0.024705,                 0.1,                   0,                   0
                   1,            0.036449,            0.031699,           0.0045905,             0.97053,                 0.5,             0.53393,             0.29438,            0.039782,            0.038486,            0.024922,            0.099067,             6.7e-05,             6.7e-05
                   2,            0.049697,            0.028656,            0.026922,              0.9698,                 0.5,             0.53393,             0.30755,            0.039727,            0.038478,            0.024868,            0.098068,             6.8e-05,             6.8e-05
                   0,            0.050497,            0.041144,            0.028864,             0.97093,                 0.5,             0.53279,              0.2937,             0.03997,             0.03836,            0.024705,                 0.1,                   0,                   0
                   1,            0.036449,            0.031699,           0.0045905,             0.97053,                 0.5,             0.53393,             0.29438,            0.039782,            0.038486,            0.024922,            0.099067,             6.7e-05,             6.7e-05
                   2,            0.049697,            0.028656,            0.026922,              0.9698,                 0.5,             0.53393,             0.30755,            0.039727,            0.038478,            0.024868,            0.098068,             6.8e-05,             6.8e-05
                   0,            0.050497,            0.041144,            0.028864,             0.97093,                 0.5,             0.53279,              0.2937,             0.03997,             0.03836,            0.024705,                 0.1,                   0,                   0
                   1,            0.036449,            0.031699,           0.0045905,             0.97053,                 0.5,             0.53393,             0.29438,            0.039782,            0.038486,            0.024922,            0.099067,             6.7e-05,             6.7e-05
                   2,            0.049697,            0.028656,            0.026922,              0.9698,                 0.5,             0.53393,             0.30755,            0.039727,            0.038478,            0.024868,            0.098068,             6.8e-05,             6.8e-05
                   0,            0.050497,            0.041144,            0.028864,             0.97093,                 0.5,             0.53279,              0.2937,             0.03997,             0.03836,            0.024705,                 0.1,                   0,                   0
                   1,            0.036449,            0.031699,           0.0045905,             0.97053,                 0.5,             0.53393,             0.29438,            0.039782,            0.038486,            0.024922,            0.099067,             6.7e-05,             6.7e-05
                   2,            0.049697,            0.028656,            0.026922,              0.9698,                 0.5,             0.53393,             0.30755,            0.039727,            0.038478,            0.024868,            0.098068,             6.8e-05,             6.8e-05
                   0,            0.050497,            0.041144,            0.028864,             0.97093,                 0.5,             0.53279,              0.2937,             0.03997,             0.03836,            0.024705,                 0.1,                   0,                   0
                   1,            0.036449,            0.031699,           0.0045905,             0.97053,                 0.5,             0.53393,             0.29438,            0.039782,            0.038486,            0.024922,            0.099067,             6.7e-05,             6.7e-05
                   2,            0.049697,            0.028656,            0.026922,              0.9698,                 0.5,             0.53393,             0.30755,            0.039727,            0.038478,            0.024868,            0.098068,             6.8e-05,             6.8e-05
                   0,            0.050497,            0.041144,            0.028864,             0.97093,                 0.5,             0.53279,              0.2937,             0.03997,             0.03836,            0.024705,                 0.1,                   0,                   0
                   1,            0.036449,            0.031699,           0.0045905,             0.97053,                 0.5,             0.53393,             0.29438,            0.039782,            0.038486,            0.024922,            0.099067,             6.7e-05,             6.7e-05
                   2,            0.049697,            0.028656,            0.026922,              0.9698,                 0.5,             0.53393,             0.30755,            0.039727,            0.038478,            0.024868,            0.098068,             6.8e-05,             6.8e-05
                   0,            0.050497,            0.041144,            0.028864,             0.97093,                 0.5,             0.53279,              0.2937,             0.03997,             0.03836,            0.024705,                 0.1,                   0,                   0
                   1,            0.036449,            0.031699,           0.0045905,             0.97053,                 0.5,             0.53393,             0.29438,            0.039782,            0.038486,            0.024922,            0.099067,             6.7e-05,             6.7e-05
                   2,            0.049697,            0.028656,            0.026922,              0.9698,                 0.5,             0.53393,             0.30755,            0.039727,            0.038478,            0.024868,            0.098068,             6.8e-05,             6.8e-05
                   0,            0.050497,            0.041144,            0.028864,             0.97093,                 0.5,             0.53279,              0.2937,             0.03997,             0.03836,            0.024705,                 0.1,                   0,                   0
                   1,            0.036449,            0.031699,           0.0045905,             0.97053,                 0.5,             0.53393,             0.29438,            0.039782,            0.038486,            0.024922,            0.099067,             6.7e-05,             6.7e-05
                   2,            0.049697,            0.028656,            0.026922,              0.9698,                 0.5,             0.53393,             0.30755,            0.039727,            0.038478,            0.024868,            0.098068,             6.8e-05,             6.8e-05
                   0,            0.050497,            0.041144,            0.028864,             0.97093,                 0.5,             0.53279,              0.2937,             0.03997,             0.03836,            0.024705,                 0.1,                   0,                   0
                   1,            0.036449,            0.031699,           0.0045905,             0.97053,                 0.5,             0.53393,             0.29438,            0.039782,            0.038486,            0.024922,            0.099067,             6.7e-05,             6.7e-05
                   2,            0.049697,            0.028656,            0.026922,              0.9698,                 0.5,             0.53393,             0.30755,            0.039727,            0.038478,            0.024868,            0.098068,             6.8e-05,             6.8e-05
                   0,            0.050497,            0.041144,            0.028864,             0.97093,                 0.5,             0.53279,              0.2937,             0.03997,             0.03836,            0.024705,                 0.1,                   0,                   0
                   1,            0.036449,            0.031699,           0.0045905,             0.97053,                 0.5,             0.53393,             0.29438,            0.039782,            0.038486,            0.024922,            0.099067,             6.7e-05,             6.7e-05
                   2,            0.049697,            0.028656,            0.026922,              0.9698,                 0.5,             0.53393,             0.30755,            0.039727,            0.038478,            0.024868,            0.098068,             6.8e-05,             6.8e-05
                   0,            0.055454,            0.042194,            0.022052,             0.57561,             0.84694,               0.845,             0.35786,            0.031185,            0.023045,            0.034436,                 0.1,                   0,                   0
                   1,            0.078937,            0.039515,            0.075775,             0.58421,             0.83803,               0.845,             0.36657,            0.031451,            0.022945,            0.031449,              0.0991,              0.0001,              0.0001
                   2,            0.055149,            0.036276,            0.017666,              0.5971,             0.82447,               0.845,             0.35362,            0.031802,            0.022903,            0.028847,              0.0982,              0.0002,              0.0002
                   3,            0.074323,            0.047792,            0.028224,             0.62036,             0.79644,               0.845,             0.34663,            0.032235,            0.022854,            0.026149,              0.0973,              0.0003,              0.0003
                   4,            0.046324,            0.050477,           0.0074613,              0.7175,             0.70555,               0.845,             0.35104,            0.032668,            0.022748,             0.02393,              0.0964,              0.0004,              0.0004
                   5,            0.041393,            0.038664,           0.0096663,             0.77093,                0.75,              0.8575,             0.35915,            0.033276,            0.022666,            0.021918,              0.0955,              0.0005,              0.0005
                   6,            0.043144,            0.033409,           0.0089775,             0.79455,                0.75,              0.8575,              0.3663,             0.03379,            0.022653,            0.020898,              0.0946,              0.0006,              0.0006
                   7,            0.041548,            0.037059,            0.017534,             0.81651,                0.75,             0.87833,              0.3651,            0.034253,            0.022602,            0.019699,              0.0937,              0.0007,              0.0007
                   8,             0.04107,            0.037643,           0.0051203,             0.85731,                0.75,             0.87833,             0.34001,            0.034837,             0.02249,            0.019095,              0.0928,              0.0008,              0.0008
                   9,            0.070218,            0.028224,            0.017922,             0.88968,                0.75,             0.87833,             0.34001,            0.034912,            0.022495,            0.018608,              0.0919,              0.0009,              0.0009
                  10,            0.039825,            0.034923,             0.01579,             0.90852,                0.75,             0.87833,             0.31997,            0.035434,            0.022456,            0.018168,               0.091,               0.001,               0.001
                  11,            0.043682,            0.036998,            0.017588,             0.92466,                0.75,             0.89083,             0.32807,            0.036098,            0.022483,            0.017679,              0.0901,              0.0011,              0.0011
                  12,            0.044583,            0.038811,            0.014753,             0.93504,                0.75,             0.89083,             0.31317,            0.036833,             0.02241,            0.017158,              0.0892,              0.0012,              0.0012
                   0,            0.046713,             0.03727,            0.015846,             0.60154,                0.75,             0.63559,             0.28835,            0.035139,             0.02163,           0.0040237,                 0.1,                   0,                   0
                   1,            0.040524,            0.031926,            0.020366,             0.61574,                0.75,             0.63559,             0.28835,            0.034828,            0.021296,           0.0033175,             0.09908,            8.02e-05,            8.02e-05
                   2,            0.046146,            0.020923,            0.011916,             0.62326,                0.75,             0.63559,             0.28158,            0.034483,            0.021061,           0.0029205,            0.098121,           0.0001208,           0.0001208
                   3,            0.043476,            0.035505,             0.02933,             0.65418,             0.74805,             0.63559,             0.28158,            0.034286,            0.020817,            0.002391,            0.097122,           0.0001218,           0.0001218
                   4,            0.044303,            0.048285,             0.01399,             0.67118,                0.75,             0.63559,              0.2746,            0.034238,            0.020698,           0.0020823,            0.096083,            8.32e-05,            8.32e-05
                   0,            0.046713,             0.03727,            0.015846,             0.60154,                0.75,             0.63559,             0.28835,            0.035139,             0.02163,           0.0040237,                 0.1,                   0,                   0
                   1,            0.040524,            0.031926,            0.020366,             0.61574,                0.75,             0.63559,             0.28835,            0.034829,            0.021298,           0.0033199,            0.099067,             6.7e-05,             6.7e-05
                   2,            0.046149,            0.020926,            0.011917,               0.623,                0.75,             0.63559,             0.28158,            0.034484,            0.021061,            0.002938,            0.098068,             6.8e-05,             6.8e-05
                   0,            0.048799,            0.039677,            0.029507,             0.73526,                0.75,             0.69658,             0.31958,            0.033765,             0.02137,          0.00025642,                 0.1,                   0,                   0
                   1,            0.079652,            0.037355,            0.043241,             0.73523,                0.75,             0.75846,             0.37598,            0.033322,            0.021189,          0.00023772,             0.09908,            8.02e-05,            8.02e-05
                   2,            0.049459,             0.03014,             0.03136,             0.73537,                0.75,             0.75846,             0.37598,            0.032951,            0.021044,           0.0002245,            0.098121,           0.0001208,           0.0001208
                   3,            0.073571,            0.045291,            0.037889,             0.73532,                0.75,             0.69658,             0.34504,             0.03249,            0.020832,          0.00021405,            0.097122,           0.0001218,           0.0001218
                   4,            0.043337,            0.049153,            0.028564,             0.73544,                0.75,             0.69658,             0.34504,            0.032156,            0.020624,          0.00020609,            0.096083,            8.32e-05,            8.32e-05
                   0,            0.043459,            0.037203,             0.01408,              0.7045,               0.625,             0.63983,              0.2649,            0.038604,            0.032266,          0.00030372,                 0.1,                   0,                   0
                   1,            0.041755,            0.033034,            0.032519,             0.70162,               0.625,             0.63983,              0.2649,             0.03801,            0.032263,           0.0002827,            0.099097,            9.67e-05,            9.67e-05
                   2,            0.041121,            0.026247,            0.035361,             0.69762,               0.625,             0.63983,             0.27791,            0.037746,            0.032302,          0.00026763,            0.098187,           0.0001868,           0.0001868
                   3,            0.039933,            0.034814,            0.032116,             0.69421,               0.625,             0.57796,             0.23389,            0.037699,            0.032292,          0.00025954,             0.09727,           0.0002703,           0.0002703
                   4,            0.045216,            0.040109,            0.035681,             0.68914,               0.625,             0.57796,               0.227,             0.03786,            0.032288,          0.00025233,            0.096347,           0.0003472,           0.0003472
                   5,            0.045669,            0.039989,            0.031561,             0.68652,               0.625,             0.57796,             0.23311,            0.038252,            0.032313,          0.00024819,            0.095418,           0.0004175,           0.0004175
                   6,            0.044791,             0.04212,            0.028373,              0.6819,               0.625,             0.57796,             0.23311,            0.038607,             0.03238,          0.00024531,            0.094481,           0.0004812,           0.0004812
                   7,            0.084377,            0.042138,             0.12633,             0.67711,               0.625,             0.57796,             0.23426,            0.038852,             0.03243,          0.00024243,            0.093538,           0.0005383,           0.0005383
                   8,            0.041851,            0.035695,            0.015192,             0.67179,               0.625,             0.57796,             0.23426,            0.038854,            0.032405,          0.00024138,            0.092589,           0.0005888,           0.0005888
                   9,            0.085757,            0.034231,            0.065354,             0.67237,               0.625,             0.57796,             0.23426,            0.039016,            0.032392,          0.00023982,            0.091633,           0.0006327,           0.0006327
                  10,            0.039707,            0.030569,            0.031077,             0.67184,               0.625,             0.57796,             0.22744,            0.039318,            0.032363,          0.00023971,             0.09067,             0.00067,             0.00067
                  11,            0.042613,             0.03395,            0.033579,             0.67215,               0.625,             0.57796,             0.21558,            0.039748,            0.032281,          0.00024205,            0.089701,           0.0007007,           0.0007007
                  12,             0.03899,            0.038141,            0.022958,             0.67198,               0.625,             0.57796,             0.21558,            0.040141,            0.032176,          0.00024388,            0.088725,           0.0007248,           0.0007248
                  13,            0.066831,            0.030562,            0.026999,             0.67226,               0.625,             0.57796,             0.21558,             0.04031,            0.032019,          0.00024635,            0.087742,           0.0007423,           0.0007423
                  14,            0.036994,            0.031796,            0.021419,             0.67203,               0.625,             0.57796,             0.21558,            0.040121,            0.031852,          0.00024871,            0.086753,           0.0007532,           0.0007532
                  15,            0.040192,            0.035474,            0.027641,             0.67111,               0.625,             0.57796,             0.22859,              0.0402,            0.031708,          0.00025073,            0.085758,           0.0007575,           0.0007575
                  16,            0.035921,            0.027251,             0.01522,             0.66918,               0.625,             0.57796,              0.2155,            0.040129,             0.03157,          0.00025334,            0.084755,           0.0007552,           0.0007552
                  17,            0.037853,             0.03603,             0.01791,             0.66918,               0.625,             0.57796,              0.2155,            0.040129,             0.03157,          0.00025334,            0.083746,           0.0007463,           0.0007463
                  18,            0.035643,            0.024622,            0.023697,             0.78711,                0.75,             0.75846,             0.25143,            0.040218,            0.031385,          0.00025785,            0.082731,           0.0007308,           0.0007308
                  19,            0.035514,            0.026673,            0.010144,             0.78711,                0.75,             0.75846,             0.25143,            0.040218,            0.031385,          0.00025785,            0.081709,           0.0007087,           0.0007087
                  20,            0.032976,            0.032054,            0.012335,             0.78553,                0.75,             0.75846,             0.25143,            0.040078,            0.031137,          0.00026155,             0.08068,             0.00068,             0.00068
                  21,            0.040034,            0.030404,            0.029594,             0.78553,                0.75,             0.75846,             0.25143,            0.040078,            0.031137,          0.00026155,            0.079645,           0.0006447,           0.0006447
                  22,            0.038685,            0.026804,            0.026042,             0.78474,                0.75,             0.75846,             0.22668,            0.039964,            0.030952,          0.00026507,            0.078603,           0.0006028,           0.0006028
                  23,            0.033937,            0.035978,            0.015139,             0.78474,                0.75,             0.75846,             0.22668,            0.039964,            0.030952,          0.00026507,            0.077554,           0.0005543,           0.0005543
                  24,            0.033824,             0.02932,            0.023802,             0.78122,                0.75,             0.75846,             0.22668,            0.039885,            0.030727,          0.00026982,            0.076499,           0.0004992,           0.0004992
                  25,            0.034605,            0.027322,             0.01033,             0.78122,                0.75,             0.75846,             0.22668,            0.039885,            0.030727,          0.00026982,            0.075438,           0.0004375,           0.0004375
                  26,            0.039207,            0.039137,            0.017472,             0.77575,                0.75,             0.75846,             0.20857,            0.039648,            0.030585,          0.00027358,            0.074369,           0.0003692,           0.0003692
                  27,            0.034104,            0.027705,            0.014442,             0.77575,                0.75,             0.75846,             0.20857,            0.039648,            0.030585,          0.00027358,            0.073294,           0.0002943,           0.0002943
                  28,            0.031375,            0.028802,            0.010782,             0.77496,                0.75,             0.75846,             0.20857,            0.039312,            0.030376,          0.00027422,            0.072213,           0.0002128,           0.0002128
                  29,            0.038624,              0.0319,            0.018649,             0.77496,                0.75,             0.75846,             0.20857,            0.039312,            0.030376,          0.00027422,            0.071125,           0.0001247,           0.0001247
                   0,            0.046255,            0.041149,            0.022845,             0.98038,                   1,               0.995,             0.47065,             0.02554,            0.024419,          0.00022161,                 0.1,                   0,                   0
                   1,            0.042444,            0.031563,            0.010617,              0.9803,                   1,               0.995,              0.4887,            0.025423,            0.024174,          0.00021709,            0.099097,            9.67e-05,            9.67e-05
                   2,            0.036105,            0.026674,            0.026243,             0.98036,                   1,               0.995,             0.49552,            0.025615,            0.024035,          0.00021155,            0.098187,           0.0001868,           0.0001868
                   3,            0.043841,            0.032869,            0.010874,             0.98001,                   1,               0.995,             0.48366,             0.02618,            0.023897,          0.00020868,             0.09727,           0.0002703,           0.0002703
                   4,            0.040898,            0.038255,            0.031291,             0.98005,                   1,               0.995,              0.4718,            0.027314,            0.023818,          0.00020591,            0.096347,           0.0003472,           0.0003472
                   5,            0.036877,             0.02697,             0.01194,             0.98012,                   1,               0.995,             0.44189,            0.028388,            0.023758,          0.00020466,            0.095418,           0.0004175,           0.0004175
                   6,            0.040516,             0.03705,            0.032594,             0.97986,                   1,               0.995,             0.45994,            0.029439,            0.023622,          0.00020362,            0.094481,           0.0004812,           0.0004812
                   7,            0.040757,            0.034311,            0.027517,             0.98013,                   1,               0.995,             0.44808,            0.030665,             0.02356,          0.00020458,            0.093538,           0.0005383,           0.0005383
                   8,            0.040459,            0.030833,            0.019249,             0.98006,                   1,               0.995,             0.45981,            0.031251,            0.023399,          0.00020513,            0.092589,           0.0005888,           0.0005888
                   9,            0.035079,            0.025358,            0.018174,             0.98001,                   1,               0.995,             0.45981,            0.032324,            0.023411,          0.00020664,            0.091633,           0.0006327,           0.0006327
                  10,            0.034905,            0.026534,            0.011947,                0.98,                   1,               0.995,             0.42811,            0.033136,            0.023327,          0.00020807,             0.09067,             0.00067,             0.00067
                  11,            0.037514,             0.03149,            0.017057,             0.97978,                   1,               0.995,             0.40336,            0.033939,            0.023207,          0.00021025,            0.089701,           0.0007007,           0.0007007
                  12,            0.040028,            0.038312,           0.0087226,             0.97966,                   1,               0.995,             0.40336,            0.035184,             0.02314,          0.00021186,            0.088725,           0.0007248,           0.0007248
                  13,            0.037588,             0.02225,            0.013861,             0.85683,               0.875,              0.8145,             0.38531,            0.036262,            0.023057,          0.00021386,            0.087742,           0.0007423,           0.0007423
                  14,            0.039562,            0.026526,           0.0068849,             0.97945,                   1,               0.995,              0.3723,            0.036073,            0.022787,           0.0002158,            0.086753,           0.0007532,           0.0007532
                  15,            0.036797,            0.026618,            0.018532,             0.85636,               0.875,              0.8145,             0.32937,            0.036727,            0.022676,          0.00021686,            0.085758,           0.0007575,           0.0007575
                  16,            0.037323,            0.029999,            0.013508,             0.85619,               0.875,              0.8145,             0.32255,            0.037217,            0.022468,          0.00021847,            0.084755,           0.0007552,           0.0007552
                  17,             0.03704,            0.031568,            0.020558,             0.85619,               0.875,              0.8145,             0.32255,            0.037217,            0.022468,          0.00021847,            0.083746,           0.0007463,           0.0007463
                  18,            0.038525,             0.03067,            0.011115,             0.85612,               0.875,              0.8145,             0.32255,             0.03775,            0.022221,          0.00022084,            0.082731,           0.0007308,           0.0007308
                  19,            0.035157,            0.027223,            0.020733,             0.85612,               0.875,              0.8145,             0.32255,             0.03775,            0.022221,          0.00022084,            0.081709,           0.0007087,           0.0007087
                  20,            0.035053,            0.027852,            0.019828,             0.85631,               0.875,              0.8145,             0.32874,            0.038296,            0.022009,          0.00022295,             0.08068,             0.00068,             0.00068
                  21,            0.053323,            0.027126,            0.022953,             0.85631,               0.875,              0.8145,             0.32874,            0.038296,            0.022009,          0.00022295,            0.079645,           0.0006447,           0.0006447
                  22,            0.034112,            0.023021,           0.0084003,             0.97899,                   1,               0.995,             0.33996,            0.038788,            0.021754,          0.00022596,            0.078603,           0.0006028,           0.0006028
                  23,            0.032964,            0.029629,            0.020434,             0.97899,                   1,               0.995,             0.33996,            0.038788,            0.021754,          0.00022596,            0.077554,           0.0005543,           0.0005543
                  24,            0.032233,            0.026669,            0.023497,             0.97929,                   1,               0.995,             0.33996,            0.038819,            0.021466,          0.00022891,            0.076499,           0.0004992,           0.0004992
                  25,            0.039051,            0.031178,            0.011759,             0.97929,                   1,               0.995,             0.33996,            0.038819,            0.021466,          0.00022891,            0.075438,           0.0004375,           0.0004375
                  26,            0.035749,            0.024149,            0.015126,             0.85639,               0.875,              0.8145,             0.32191,            0.039069,            0.021252,          0.00023136,            0.074369,           0.0003692,           0.0003692
                  27,            0.034685,            0.027964,            0.017531,             0.85639,               0.875,              0.8145,             0.32191,            0.039069,            0.021252,          0.00023136,            0.073294,           0.0002943,           0.0002943
                  28,             0.03978,            0.024578,           0.0039123,             0.97893,                   1,               0.995,             0.33985,              0.0389,            0.021063,          0.00023315,            0.072213,           0.0002128,           0.0002128
                  29,            0.037858,            0.029527,             0.01899,             0.97893,                   1,               0.995,             0.33985,              0.0389,            0.021063,          0.00023315,            0.071125,           0.0001247,           0.0001247
                   0,            0.042039,            0.033848,           0.0085568,             0.15863,                 0.5,             0.28176,            0.080589,            0.049094,            0.039707,            0.061663,                 0.1,                   0,                   0
                   1,             0.03863,            0.030728,             0.02742,             0.19319,                0.25,             0.34364,             0.12514,            0.048359,            0.040068,            0.059644,            0.099067,             6.7e-05,             6.7e-05
                   2,            0.048871,            0.019565,            0.012345,              0.2003,               0.625,             0.38499,             0.13343,             0.04775,            0.040539,            0.058228,            0.098068,             6.8e-05,             6.8e-05
                   0,            0.047684,            0.042281,            0.021857,             0.98031,                   1,               0.995,             0.47065,            0.025551,            0.024428,          0.00022091,                 0.1,                   0,                   0
                   1,            0.043765,            0.035275,           0.0094462,             0.98021,                   1,               0.995,              0.4887,             0.02538,            0.024167,          0.00021637,            0.099067,             6.7e-05,             6.7e-05
                   2,            0.036651,            0.029552,             0.02693,             0.98017,                   1,               0.995,             0.49552,            0.025531,            0.024049,          0.00021104,            0.098068,             6.8e-05,             6.8e-05
                   0,            0.043459,            0.037203,             0.01408,              0.7045,               0.625,             0.63983,              0.2649,            0.038604,            0.032266,          0.00030372,                 0.1,                   0,                   0
                   1,            0.041755,            0.033034,            0.032519,             0.70162,               0.625,             0.63983,              0.2649,            0.038014,            0.032265,          0.00028265,            0.099067,             6.7e-05,             6.7e-05
                   2,            0.041129,            0.026257,            0.035374,             0.69776,               0.625,             0.63983,             0.27791,            0.037766,            0.032305,           0.0002671,            0.098068,             6.8e-05,             6.8e-05
                   0,            0.049632,            0.039646,            0.022379,             0.45658,               0.375,             0.37958,             0.14004,            0.049019,            0.029146,          0.00034789,                 0.1,                   0,                   0
                   1,            0.076867,            0.038405,            0.059559,              0.4526,               0.375,             0.37958,             0.14004,            0.047948,            0.029153,          0.00030696,            0.099097,            9.67e-05,            9.67e-05
                   2,             0.04985,            0.028202,            0.029258,             0.45167,               0.375,             0.37958,             0.14004,            0.046709,            0.029054,          0.00028097,            0.098187,           0.0001868,           0.0001868
                   3,            0.074044,            0.047005,            0.035105,              0.4467,               0.375,             0.37958,             0.14004,            0.045544,            0.029022,          0.00025927,             0.09727,           0.0002703,           0.0002703
                   4,            0.042608,            0.049381,            0.026397,             0.44273,               0.375,             0.37958,             0.14004,             0.04453,            0.028949,          0.00024412,            0.096347,           0.0003472,           0.0003472
                   5,            0.041346,            0.033878,            0.018439,             0.43925,               0.375,             0.37958,             0.14004,            0.043274,            0.028804,            0.000231,            0.095418,           0.0004175,           0.0004175
                   6,            0.041577,            0.035186,            0.027095,             0.43618,               0.375,             0.37958,             0.15312,            0.042369,             0.02872,          0.00022248,            0.094481,           0.0004812,           0.0004812
                   7,            0.039801,            0.038883,            0.030133,             0.43097,               0.375,             0.37958,             0.15995,            0.041432,            0.028609,          0.00021531,            0.093538,           0.0005383,           0.0005383
                   8,             0.03637,            0.033797,            0.014972,             0.42794,               0.375,             0.37958,             0.15995,            0.040555,            0.028431,          0.00021131,            0.092589,           0.0005888,           0.0005888
                   9,            0.070167,            0.031237,            0.023714,             0.42588,               0.375,             0.37958,               0.178,            0.040137,            0.028393,          0.00020778,            0.091633,           0.0006327,           0.0006327
                  10,            0.037587,            0.032792,            0.022337,             0.42274,               0.375,             0.37958,               0.178,            0.039578,            0.028301,          0.00020465,             0.09067,             0.00067,             0.00067
                  11,            0.043099,            0.033372,            0.035907,             0.54366,                 0.5,             0.44783,             0.18482,            0.038804,            0.028092,          0.00020496,            0.089701,           0.0007007,           0.0007007
                  12,            0.044003,            0.037756,            0.015881,             0.54425,                 0.5,             0.44783,             0.18482,              0.0379,            0.027839,          0.00020488,            0.088725,           0.0007248,           0.0007248
                  13,            0.033586,            0.023841,            0.021337,             0.54446,                 0.5,             0.44783,             0.20468,            0.037312,            0.027593,          0.00020704,            0.087742,           0.0007423,           0.0007423
                  14,            0.034583,            0.025767,            0.012304,             0.54469,                 0.5,             0.44783,             0.21086,            0.037325,             0.02745,          0.00020864,            0.086753,           0.0007532,           0.0007532
                  15,            0.075189,            0.032056,            0.017235,             0.54363,                 0.5,             0.44783,             0.21086,            0.036968,            0.027267,          0.00021092,            0.085758,           0.0007575,           0.0007575
                  16,            0.043594,            0.033656,            0.017457,             0.54086,                 0.5,             0.44783,             0.22961,            0.036501,            0.027019,          0.00021274,            0.084755,           0.0007552,           0.0007552
                  17,            0.037442,            0.035337,             0.01671,             0.54086,                 0.5,             0.44783,             0.22961,            0.036501,            0.027019,          0.00021274,            0.083746,           0.0007463,           0.0007463
                  18,            0.070656,            0.036537,            0.051631,             0.53548,                 0.5,             0.44783,             0.22961,             0.03625,            0.026801,           0.0002173,            0.082731,           0.0007308,           0.0007308
                  19,            0.073649,            0.032886,            0.034918,             0.53548,                 0.5,             0.44783,             0.22961,             0.03625,            0.026801,           0.0002173,            0.081709,           0.0007087,           0.0007087
                  20,            0.037984,             0.02884,            0.019176,              0.6529,               0.625,             0.51679,             0.24333,             0.03565,            0.026549,          0.00021964,             0.08068,             0.00068,             0.00068
                  21,            0.062712,            0.033344,            0.023759,              0.6529,               0.625,             0.51679,             0.24333,             0.03565,            0.026549,          0.00021964,            0.079645,           0.0006447,           0.0006447
                  22,             0.07414,            0.041403,            0.027376,             0.64559,               0.625,             0.51608,             0.24283,            0.035514,            0.026415,           0.0002244,            0.078603,           0.0006028,           0.0006028
                  23,            0.038849,            0.037699,            0.020507,             0.64559,               0.625,             0.51608,             0.24283,            0.035514,            0.026415,           0.0002244,            0.077554,           0.0005543,           0.0005543
                  24,            0.067921,            0.030865,            0.017352,             0.51541,                 0.5,             0.44712,             0.26196,            0.035571,             0.02633,          0.00022697,            0.076499,           0.0004992,           0.0004992
                  25,            0.039533,            0.032061,            0.016495,             0.51541,                 0.5,             0.44712,             0.26196,            0.035571,             0.02633,          0.00022697,            0.075438,           0.0004375,           0.0004375
                  26,            0.036379,            0.030055,            0.013578,              0.5107,                 0.5,             0.44712,             0.26196,            0.035633,            0.026218,          0.00022872,            0.074369,           0.0003692,           0.0003692
                  27,            0.035694,            0.021856,            0.024383,              0.5107,                 0.5,             0.44712,             0.26196,            0.035633,            0.026218,          0.00022872,            0.073294,           0.0002943,           0.0002943
                  28,              0.0372,            0.031563,            0.012578,             0.63205,               0.625,             0.51538,             0.26879,            0.035831,             0.02604,          0.00022963,            0.072213,           0.0002128,           0.0002128
                  29,             0.03551,            0.029251,            0.018212,             0.63205,               0.625,             0.51538,             0.26879,            0.035831,             0.02604,          0.00022963,            0.071125,           0.0001247,           0.0001247
                   0,            0.054757,            0.051468,            0.028405,             0.98033,                   1,               0.995,              0.4887,            0.025536,            0.024397,          0.00022007,                 0.1,                   0,                   0
                   1,            0.079681,             0.04048,            0.081682,             0.98052,                   1,               0.995,              0.4887,            0.025503,            0.024149,          0.00021509,            0.099067,             6.7e-05,             6.7e-05
                   2,            0.045405,            0.038911,            0.029207,             0.98024,                   1,               0.995,             0.49552,             0.02568,            0.023967,          0.00020989,            0.098068,             6.8e-05,             6.8e-05
                   0,            0.044547,            0.034139,           0.0097114,              0.9848,                 0.5,              0.4975,               0.199,            0.045496,            0.027216,          0.00073216,                 0.1,                   0,                   0
                   1,            0.038618,            0.030034,            0.018936,             0.98526,                 0.5,              0.4975,               0.199,            0.044153,            0.027052,          0.00061452,            0.099007,             6.7e-06,             6.7e-06
                   2,            0.045623,            0.020437,           0.0094527,             0.67759,                0.75,             0.74625,             0.22387,            0.042784,            0.026691,           0.0005507,            0.098007,             6.8e-06,             6.8e-06
                   0,            0.042465,            0.040498,            0.016128,                   0,                   0,                   0,                   0,            0.061529,            0.055748,            0.057283,                 0.1,                   0,                   0
                   1,            0.039036,            0.033364,            0.029073,                   0,                   0,                   0,                   0,            0.061029,             0.05655,            0.057353,            0.099007,             6.7e-06,             6.7e-06
                   2,            0.039502,            0.021905,            0.029911,                   0,                   0,                   0,                   0,            0.060583,            0.057509,            0.057499,            0.098007,             6.8e-06,             6.8e-06
                   0,            0.046304,            0.041116,            0.017016,             0.31596,                   1,             0.66333,             0.22387,            0.037259,            0.023649,            0.065411,                 0.1,                   0,                   0
                   1,            0.040394,            0.036651,            0.020092,             0.31466,             0.73996,             0.66333,             0.24046,            0.036505,            0.023523,            0.061327,             0.09905,            5.05e-05,            5.05e-05
                   0,            0.046465,            0.038547,            0.011822,               0.225,                   1,             0.66333,             0.22387,             0.03727,            0.023688,            0.066116,                 0.1,                   0,                   0
                   1,            0.040012,            0.032601,            0.021918,             0.29485,             0.74375,             0.66333,             0.24046,            0.036449,            0.023554,             0.06246,            0.099067,             6.7e-05,             6.7e-05
                   2,            0.046733,            0.023128,            0.016383,             0.35787,             0.72624,             0.66333,             0.24046,            0.035744,            0.023398,            0.058982,            0.098068,             6.8e-05,             6.8e-05
                   0,            0.042237,            0.034114,             0.01232,             0.49246,                0.25,             0.24875,            0.074625,            0.054922,            0.037444,          0.00036483,                 0.1,                   0,                   0
                   1,             0.04009,            0.032078,            0.028956,             0.49264,                0.25,             0.24875,            0.074625,            0.053752,            0.037719,          0.00031641,            0.099067,             6.7e-05,             6.7e-05
                   2,            0.050381,            0.022285,            0.016299,              0.4928,                0.25,             0.24875,            0.074625,            0.052449,            0.037979,          0.00029096,            0.098068,             6.8e-05,             6.8e-05
                   0,            0.084237,            0.054662,            0.080888,            0.072172,                0.25,            0.082917,           0.0082917,            0.056699,            0.026509,            0.054548,                 0.1,                   0,                   0
                   1,            0.041601,            0.039323,             0.01339,            0.066528,                0.25,            0.082917,           0.0082917,            0.056099,            0.026342,            0.054458,            0.099067,             6.7e-05,             6.7e-05
                   2,            0.045162,            0.040515,            0.022273,            0.062725,                0.25,            0.082917,           0.0082917,            0.055338,            0.026191,            0.054383,            0.098068,             6.8e-05,             6.8e-05
                   0,             0.04648,            0.034569,            0.013527,             0.96935,                   1,               0.995,             0.47262,            0.027247,              0.0271,           0.0002647,                 0.1,                   0,                   0
                   1,            0.039967,            0.036577,             0.02527,             0.96923,                   1,               0.995,             0.47262,            0.026798,             0.02673,          0.00025919,            0.099067,             6.7e-05,             6.7e-05
                   2,            0.043592,            0.033035,              0.0117,             0.96934,                   1,               0.995,              0.4975,            0.026766,            0.026373,          0.00025495,            0.098068,             6.8e-05,             6.8e-05
                   0,            0.047323,            0.034131,            0.020188,              0.9848,                 0.5,              0.4975,               0.199,            0.045593,            0.027279,          0.00077535,                 0.1,                   0,                   0
                   1,            0.042038,            0.043268,            0.022862,             0.98511,                 0.5,              0.4975,               0.199,            0.044761,            0.027197,          0.00062441,            0.099067,             6.7e-05,             6.7e-05
                   2,            0.044887,             0.03703,            0.014929,             0.98545,                 0.5,              0.4975,               0.199,            0.043804,            0.027026,          0.00052384,            0.098068,             6.8e-05,             6.8e-05
                   0,            0.048227,            0.033119,            0.015454,              0.4837,                 0.5,              0.4975,               0.199,            0.044104,            0.020828,          0.00035314,                 0.1,                   0,                   0
                   1,            0.048316,            0.043058,            0.017691,               0.484,                 0.5,              0.4975,               0.199,            0.042191,            0.020237,          0.00031245,            0.099067,             6.7e-05,             6.7e-05
                   2,            0.047121,            0.036514,            0.012124,             0.48381,                 0.5,              0.4975,               0.199,            0.039908,            0.019497,          0.00028487,            0.098068,             6.8e-05,             6.8e-05
                   0,             0.04648,            0.034569,            0.013527,             0.96935,                   1,               0.995,             0.47262,            0.027247,              0.0271,           0.0002647,                 0.1,                   0,                   0
                   1,            0.039967,            0.036577,             0.02527,             0.96923,                   1,               0.995,             0.47262,            0.026798,             0.02673,          0.00025919,            0.099067,             6.7e-05,             6.7e-05
                   2,            0.043592,            0.033035,              0.0117,             0.96934,                   1,               0.995,              0.4975,            0.026766,            0.026373,          0.00025495,            0.098068,             6.8e-05,             6.8e-05
                   0,            0.042313,            0.032821,            0.039231,             0.48405,                 0.5,              0.4975,               0.199,             0.04456,               0.021,          0.00033219,                 0.1,                   0,                   0
                   1,            0.041267,            0.039073,            0.012398,             0.48404,                 0.5,              0.4975,               0.199,            0.043001,            0.020549,          0.00029693,            0.099067,             6.7e-05,             6.7e-05
                   2,            0.039156,            0.031634,            0.019262,             0.48403,                 0.5,              0.4975,               0.199,            0.040799,            0.019863,          0.00027234,            0.098068,             6.8e-05,             6.8e-05
                   0,            0.084906,            0.054357,            0.088136,             0.98495,                 0.5,              0.4975,               0.199,            0.046229,            0.027589,          0.00067999,                 0.1,                   0,                   0
                   1,            0.042163,            0.041788,            0.016685,             0.98518,                 0.5,              0.4975,               0.199,            0.045593,             0.02744,          0.00055798,            0.099067,             6.7e-05,             6.7e-05
                   2,            0.045258,            0.040566,            0.023688,             0.73571,                 0.5,              0.4975,               0.199,            0.044834,            0.027405,          0.00045755,            0.098068,             6.8e-05,             6.8e-05
                   0,            0.041175,            0.030069,            0.032276,            0.070434,                0.25,            0.082917,           0.0082917,            0.056186,            0.026141,            0.054545,                 0.1,                   0,                   0
                   1,            0.039669,            0.035275,           0.0059639,            0.065679,                0.25,            0.082917,           0.0082917,            0.054935,            0.025776,             0.05443,            0.099067,             6.7e-05,             6.7e-05
                   2,            0.038865,            0.030381,            0.017442,            0.063628,                0.25,            0.082917,            0.016583,            0.053306,            0.025285,            0.054293,            0.098068,             6.8e-05,             6.8e-05
                   0,            0.048258,            0.032894,            0.011797,              0.9848,                 0.5,              0.4975,               0.199,             0.04571,            0.027298,           0.0007706,                 0.1,                   0,                   0
                   1,            0.048271,            0.048734,            0.033765,             0.98518,                 0.5,              0.4975,               0.199,            0.044588,            0.027209,           0.0006204,            0.099067,             6.7e-05,             6.7e-05
                   2,            0.048887,            0.039866,            0.029034,             0.68171,                0.75,             0.74625,             0.22387,            0.043286,             0.02703,          0.00051067,            0.098068,             6.8e-05,             6.8e-05
                   0,            0.086188,            0.050779,            0.092118,             0.96934,                   1,               0.995,             0.44775,            0.027584,            0.027196,          0.00026297,                 0.1,                   0,                   0
                   1,             0.04785,            0.047765,            0.018298,             0.96926,                   1,               0.995,             0.47262,            0.027155,            0.026857,          0.00025621,            0.099067,             6.7e-05,             6.7e-05
                   2,            0.048372,            0.045753,              0.0326,             0.96913,                   1,               0.995,              0.4975,            0.026968,             0.02655,          0.00025007,            0.098068,             6.8e-05,             6.8e-05
                   0,            0.046492,            0.034669,            0.013482,            0.073072,                0.25,            0.082917,           0.0082917,            0.056027,            0.026074,            0.054546,                 0.1,                   0,                   0
                   1,            0.042018,            0.036791,            0.013944,            0.068259,                0.25,            0.082917,           0.0082917,            0.054802,            0.025733,            0.054386,            0.099067,             6.7e-05,             6.7e-05
                   2,            0.044071,             0.03371,           0.0063167,            0.066022,                0.25,            0.082917,           0.0082917,            0.053493,            0.025369,            0.054148,            0.098068,             6.8e-05,             6.8e-05
                   0,            0.046474,            0.032207,            0.006414,             0.21177,             0.36446,             0.25355,             0.06943,            0.048093,            0.024921,            0.059179,                 0.1,                   0,                   0
                   1,            0.046427,             0.04396,            0.005505,               0.201,             0.45588,             0.25355,             0.06943,            0.047133,            0.024697,            0.057362,            0.099067,             6.7e-05,             6.7e-05
                   2,             0.04745,            0.039024,            0.024081,             0.21683,               0.625,             0.25355,            0.074098,            0.045773,            0.024404,            0.054945,            0.098068,             6.8e-05,             6.8e-05
                   0,            0.084906,            0.054357,            0.088136,             0.86582,                0.75,             0.75917,              0.3248,            0.036583,            0.027401,          0.00046785,                 0.1,                   0,                   0
                   1,            0.042163,            0.041788,            0.016685,             0.83942,                0.75,             0.75917,             0.33788,            0.036076,            0.027152,          0.00040713,            0.099007,             6.7e-06,             6.7e-06
                   2,            0.045268,            0.040583,            0.023766,              0.8181,                0.75,             0.75846,             0.35054,            0.035597,            0.026956,          0.00035499,            0.098007,             6.8e-06,             6.8e-06
                   0,            0.046482,            0.034679,            0.013508,             0.36588,             0.59308,             0.38062,             0.14521,            0.044017,             0.02751,            0.042038,                 0.1,                   0,                   0
                   1,            0.040723,            0.034736,            0.010509,             0.36479,              0.5913,             0.38151,             0.15221,            0.043173,            0.027279,            0.041775,            0.099007,             6.7e-06,             6.7e-06
                   2,            0.042288,            0.030428,           0.0025075,             0.36366,             0.58434,             0.38151,              0.1432,            0.042294,            0.027049,            0.041548,            0.098007,             6.8e-06,             6.8e-06
                   0,            0.080617,            0.057262,            0.088522,             0.50958,             0.71979,             0.63559,             0.25408,            0.038553,            0.025145,            0.015449,                 0.1,                   0,                   0
                   1,            0.041875,            0.035684,            0.021627,             0.51033,             0.71924,             0.63559,             0.25408,             0.03764,            0.024894,            0.015251,            0.099067,             6.7e-05,             6.7e-05
                   2,            0.045185,            0.036578,            0.023872,             0.51105,               0.719,             0.63559,              0.2609,            0.036753,            0.024679,            0.014945,            0.098068,             6.8e-05,             6.8e-05
                   0,            0.042548,            0.031824,            0.037315,              0.4211,                 0.5,             0.38062,             0.19248,            0.041711,            0.024338,            0.032278,                 0.1,                   0,                   0
                   1,            0.045792,            0.041159,            0.011652,             0.42791,                 0.5,             0.38062,              0.1794,             0.04152,            0.024151,            0.031831,            0.099067,             6.7e-05,             6.7e-05
                   2,            0.042098,            0.034406,             0.01841,             0.43405,                 0.5,             0.38062,             0.17705,            0.041344,            0.023887,            0.031407,            0.098068,             6.8e-05,             6.8e-05
                   0,            0.045565,            0.031287,           0.0031954,             0.15863,                 0.5,             0.34364,             0.11771,            0.049144,            0.039724,            0.061267,                 0.1,                   0,                   0
                   1,            0.039928,            0.034654,             0.01673,             0.22779,                0.25,             0.34364,             0.12514,            0.048681,            0.039946,             0.05856,            0.099067,             6.7e-05,             6.7e-05
                   2,            0.042034,             0.03217,           0.0097855,             0.29948,                0.25,             0.34576,             0.12557,            0.048084,            0.040284,            0.056172,            0.098068,             6.8e-05,             6.8e-05
                   0,            0.047377,            0.032414,           0.0081565,             0.90916,             0.88571,               0.995,             0.47615,            0.027843,            0.025331,            0.014895,                 0.1,                   0,                   0
                   1,            0.048862,            0.042719,            0.014039,              0.9096,             0.88573,               0.995,             0.48958,            0.027784,            0.025268,            0.014715,            0.099067,             6.7e-05,             6.7e-05
                   2,            0.047766,            0.038108,            0.026054,              0.9099,             0.88589,               0.995,             0.50814,            0.028079,             0.02528,            0.014509,            0.098068,             6.8e-05,             6.8e-05
                   0,            0.048184,            0.033925,            0.053447,              0.4832,                0.25,             0.26458,             0.10594,            0.052236,            0.038346,            0.025833,                 0.1,                   0,                   0
                   1,            0.050645,            0.042843,            0.030491,             0.48313,                0.25,             0.26458,             0.10594,             0.05155,             0.03862,             0.02581,            0.099067,             6.7e-05,             6.7e-05
                   2,            0.052932,            0.041274,            0.037935,             0.48348,                0.25,             0.26458,             0.10594,            0.050843,            0.038848,             0.02587,            0.098068,             6.8e-05,             6.8e-05
                   0,            0.047346,            0.033095,            0.013045,             0.57431,             0.84791,               0.845,             0.35786,            0.031092,            0.023059,            0.034585,                 0.1,                   0,                   0
                   1,            0.044558,            0.041067,           0.0073958,             0.57883,              0.8438,               0.845,             0.36657,            0.031445,             0.02291,            0.032454,            0.099067,             6.7e-05,             6.7e-05
                   2,            0.045068,            0.033438,           0.0056051,             0.58473,             0.83703,               0.845,             0.34663,            0.032092,            0.022766,            0.030158,            0.098068,             6.8e-05,             6.8e-05
                   0,            0.048428,            0.031117,             0.01527,             0.98039,                   1,               0.995,             0.47065,            0.025597,            0.024441,          0.00022113,                 0.1,                   0,                   0
                   1,              0.0474,            0.049601,            0.024502,             0.98035,                   1,               0.995,              0.4887,            0.025427,            0.024174,          0.00021654,            0.099067,             6.7e-05,             6.7e-05
                   2,            0.047942,            0.040961,            0.029443,             0.98036,                   1,               0.995,             0.48366,            0.025723,            0.023978,          0.00021275,            0.098068,             6.8e-05,             6.8e-05
                   0,             0.04219,            0.029811,            0.032044,             0.61763,               0.375,             0.37887,             0.12745,            0.049995,              0.0324,          0.00054106,                 0.1,                   0,                   0
                   1,            0.048627,            0.044216,            0.020475,             0.61784,               0.375,             0.37887,             0.12745,            0.048919,            0.032479,          0.00045946,            0.099067,             6.7e-05,             6.7e-05
                   2,            0.044261,            0.037555,            0.045309,             0.61799,               0.375,             0.37887,             0.12745,            0.047799,            0.032466,          0.00039707,            0.098068,             6.8e-05,             6.8e-05
                   0,            0.047352,            0.032669,           0.0097356,             0.88351,                0.75,             0.75917,             0.36396,            0.034678,            0.024552,          0.00046642,                 0.1,                   0,                   0
                   1,            0.048551,            0.045619,            0.017771,             0.85955,                0.75,             0.75917,             0.36396,            0.034195,            0.024387,          0.00039477,            0.099067,             6.7e-05,             6.7e-05
                   2,            0.048604,             0.03784,            0.027809,              0.8325,                0.75,             0.75917,             0.36396,            0.033886,            0.024254,           0.0003432,            0.098068,             6.8e-05,             6.8e-05
                   0,            0.081021,            0.051618,            0.091383,             0.86718,             0.63228,                0.87,             0.38836,            0.030024,            0.022773,            0.028791,                 0.1,                   0,                   0
                   1,            0.046749,            0.045323,            0.012506,             0.87785,             0.63273,                0.87,              0.3754,            0.029699,            0.022541,            0.027109,            0.099067,             6.7e-05,             6.7e-05
                   2,            0.047927,            0.042957,            0.033701,             0.88424,             0.63387,                0.87,             0.38656,            0.029683,            0.022387,            0.024676,            0.098068,             6.8e-05,             6.8e-05
                   0,            0.084106,            0.054568,            0.082664,             0.51649,             0.74431,             0.80333,              0.3079,            0.034694,            0.026399,            0.045093,                 0.1,                   0,                   0
                   1,            0.041384,            0.033754,            0.014758,             0.49078,             0.74256,             0.80333,              0.3079,            0.034303,            0.026332,            0.043206,            0.099067,             6.7e-05,             6.7e-05
                   2,            0.045099,            0.036845,             0.02202,             0.54518,             0.72797,             0.80333,             0.31655,            0.033882,            0.026262,            0.040686,            0.098068,             6.8e-05,             6.8e-05
                   0,            0.044675,            0.034344,            0.012567,             0.49245,               0.125,             0.13286,            0.039857,            0.058732,            0.046685,            0.030429,                 0.1,                   0,                   0
                   1,            0.039954,            0.033793,            0.016281,             0.49261,               0.125,             0.13286,            0.039857,             0.05786,            0.047222,             0.03034,            0.099067,             6.7e-05,             6.7e-05
                   2,            0.041463,            0.029349,           0.0058835,             0.49271,               0.125,             0.13286,            0.039857,            0.056955,            0.047779,            0.030436,            0.098068,             6.8e-05,             6.8e-05
                   0,            0.048448,            0.031249,             0.01538,             0.73545,                0.75,             0.69658,             0.31958,            0.033707,            0.021315,          0.00026249,                 0.1,                   0,                   0
                   1,            0.049433,            0.045288,            0.017974,             0.73531,                0.75,             0.75846,             0.37598,            0.033011,            0.020967,          0.00024191,            0.099067,             6.7e-05,             6.7e-05
                   2,            0.047995,            0.037339,            0.028002,             0.73522,                0.75,             0.75846,             0.37598,            0.032271,            0.020566,          0.00022665,            0.098068,             6.8e-05,             6.8e-05
                   0,            0.041204,            0.030083,             0.03231,             0.37274,               0.125,             0.17375,            0.043542,            0.056235,            0.031809,            0.032611,                 0.1,                   0,                   0
                   1,            0.040654,            0.036879,           0.0093057,             0.37278,               0.125,             0.17375,            0.043542,            0.055145,            0.031799,            0.032546,            0.099067,             6.7e-05,             6.7e-05
                   2,            0.040705,            0.033649,            0.019932,             0.37278,               0.125,             0.17375,            0.047833,            0.053668,            0.031645,            0.032397,            0.098068,             6.8e-05,             6.8e-05
                   0,            0.081488,            0.054979,            0.094905,             0.50487,             0.51107,             0.51679,             0.19507,            0.042218,            0.033261,            0.017651,                 0.1,                   0,                   0
                   1,            0.048192,            0.041927,            0.018839,             0.50304,             0.51155,             0.51679,             0.19507,            0.041534,            0.033334,            0.017416,            0.099067,             6.7e-05,             6.7e-05
                   2,            0.047607,            0.040699,            0.024664,             0.50174,             0.51184,             0.51679,             0.20168,            0.040981,            0.033458,            0.017115,            0.098068,             6.8e-05,             6.8e-05
                   0,            0.080617,            0.057262,            0.088522,              0.5037,             0.51114,             0.51679,             0.19507,            0.042251,            0.033278,            0.017676,                 0.1,                   0,                   0
                   1,            0.041875,            0.035684,            0.021627,             0.50281,             0.51166,             0.51679,             0.19507,            0.041666,            0.033362,            0.017453,            0.099067,             6.7e-05,             6.7e-05
                   2,            0.045185,            0.036578,            0.023872,             0.50086,             0.51212,             0.51679,             0.20196,            0.041156,            0.033489,            0.017107,            0.098068,             6.8e-05,             6.8e-05
                   0,            0.088635,            0.047151,            0.085872,             0.56291,                 0.5,             0.49798,             0.19826,             0.04289,            0.024962,            0.018593,                 0.1,                   0,                   0
                   1,            0.046552,            0.040042,            0.019201,              0.5636,                 0.5,             0.49798,             0.20722,            0.042073,            0.024629,            0.018477,            0.099067,             6.7e-05,             6.7e-05
                   2,            0.040185,            0.036143,           0.0086819,             0.56436,                 0.5,             0.45611,             0.19107,            0.041197,            0.024287,            0.018401,            0.098068,             6.8e-05,             6.8e-05
                   0,            0.051411,            0.034548,            0.013637,             0.96249,             0.89924,               0.995,             0.53042,            0.024806,            0.022019,            0.003487,                 0.1,                   0,                   0
                   1,            0.049127,            0.051605,            0.033763,             0.95904,             0.91056,               0.995,              0.5484,            0.025564,            0.021879,           0.0029028,            0.099067,             6.7e-05,             6.7e-05
                   2,            0.053563,            0.041932,            0.014469,             0.91945,             0.96362,               0.995,             0.53648,            0.026624,            0.021782,            0.002391,            0.098068,             6.8e-05,             6.8e-05
                   0,            0.046504,            0.032076,            0.021103,             0.70256,             0.41667,             0.44672,             0.18486,            0.045768,            0.040087,              0.0178,                 0.1,                   0,                   0
                   1,            0.054011,            0.045742,            0.024494,             0.69828,             0.41667,             0.44672,             0.19387,            0.045356,            0.040311,            0.017758,            0.099067,             6.7e-05,             6.7e-05
                   2,            0.051742,            0.038496,            0.033705,             0.69346,             0.41667,             0.40484,             0.16875,            0.045025,            0.040624,            0.017789,            0.098068,             6.8e-05,             6.8e-05
                   0,            0.046482,            0.034679,            0.013508,             0.85654,               0.375,             0.45143,             0.18787,            0.044672,            0.042412,            0.041465,                 0.1,                   0,                   0
                   1,            0.040723,            0.034736,            0.010509,             0.85628,               0.375,             0.45462,             0.20168,            0.044264,            0.042831,            0.041165,            0.099067,             6.7e-05,             6.7e-05
                   2,            0.042276,            0.030402,           0.0025066,              0.8558,               0.375,             0.45374,             0.18777,            0.043902,             0.04334,             0.04101,            0.098068,             6.8e-05,             6.8e-05
                   0,            0.086188,            0.050779,            0.092118,              0.9804,                   1,               0.995,             0.46382,            0.025748,            0.024517,          0.00022004,                 0.1,                   0,                   0
                   1,             0.04785,            0.047765,            0.018298,             0.98035,                   1,               0.995,              0.4887,            0.025455,            0.024196,          0.00021532,            0.099067,             6.7e-05,             6.7e-05
                   2,            0.048372,            0.045753,              0.0326,             0.98026,                   1,               0.995,             0.49552,            0.025549,            0.023968,          0.00021131,            0.098068,             6.8e-05,             6.8e-05
                   0,            0.042548,            0.031824,            0.037315,             0.60436,                0.75,             0.63559,             0.29517,            0.035275,            0.021731,           0.0038189,                 0.1,                   0,                   0
                   1,            0.045792,            0.041159,            0.011652,             0.61268,                0.75,             0.63559,             0.28835,            0.034974,            0.021453,           0.0034428,            0.099067,             6.7e-05,             6.7e-05
                   2,            0.042098,            0.034406,             0.01841,             0.62021,                0.75,             0.63559,             0.28158,             0.03459,            0.021038,           0.0030737,            0.098068,             6.8e-05,             6.8e-05
